rank,name,cc,geonameid,lat,lon,population,share,share_src,ws,riders,score,bbox,note
0,Copenhagen,DK,2618425,55.67594,12.56553,1153615,26.0,city,5.7,299940,1709657,"12.40,55.58,12.75,55.78",reference; existing build
1,Tokyo,JP,1850147,35.6895,139.69171,9733276,14.0,city,4.06,1362659,5532394,,
2,Berlin,DE,2950159,52.52437,13.41053,3426354,18.0,city,4.51,616744,2781514,,
3,Hamburg,DE,2911298,53.55073,9.99302,1973896,22.0,city,4.79,434257,2080092,,
4,Yokohama,JP,1848354,35.43333,139.65,3777491,14.0,country-median,3.73,528849,1972606,,
5,Copenhagen,DK,2618425,55.67594,12.56553,1153615,26.0,city,5.7,299940,1709657,,
6,Osaka,JP,1853909,34.69379,135.50107,2753862,19.0,city,3.17,523234,1658651,,
7,Seoul,KR,1835848,37.566,126.9784,10349312,4.0,city,3.9,413972,1614493,,
8,Taipei,TW,1668341,25.05306,121.52639,7871900,4.0,city,4.91,314876,1546041,,
9,Amsterdam,NL,2759794,52.37403,4.88969,741636,30.0,city,5.56,222491,1237049,,
10,Nagoya,JP,1856057,35.18147,136.90641,2332176,13.0,city,4.07,303183,1233954,,
11,London,GB,2643743,51.50853,-0.12574,8961989,2.5,city,5.01,224050,1122489,,
12,Bogotá,CO,3688689,4.60971,-74.08175,7674366,7.0,city,1.81,537206,972342,,
13,Sapporo,JP,2128295,43.06667,141.35,1973832,14.0,country-median,3.45,276336,953361,,
14,Utrecht,NL,2745912,52.09083,5.12222,376435,48.4,city,4.77,182195,869068,,
15,Kobe,JP,1859171,34.6913,135.183,1525152,14.0,country-median,4.04,213521,862626,,
16,Köln,DE,2886242,50.93333,6.95,1024621,19.0,city,4.4,194678,856583,,
17,Munich,DE,2867714,48.13743,11.57549,1505005,21.0,city,2.53,316051,799609,,
18,Kyoto,JP,1857910,35.02107,135.75385,1463723,14.0,country-median,3.73,204921,764356,,
19,Rio de Janeiro,BR,3451190,-22.90642,-43.18223,6747815,3.0,city,3.58,202434,724715,,
20,Hamamatsu,JP,1863289,34.7,137.73333,791707,14.0,country-median,6.5,110839,720453,,
21,Vienna,AT,2761369,48.20849,16.37208,1691468,11.0,city,3.79,186061,705173,,
22,Rotterdam,NL,2747891,51.9225,4.47917,868135,14.0,city,5.62,121539,683049,,
23,Kitakyushu,JP,1859307,33.85181,130.85034,940978,14.0,country-median,5.13,131737,675810,,
24,Fukuoka,JP,1863967,33.6,130.41667,1612392,14.0,country-median,2.86,225735,645602,,
25,Bremen,DE,2944388,53.07582,8.80717,546501,25.0,city,4.7,136625,642139,,
26,Hiroshima,JP,1862415,34.4,132.45,1200754,14.0,country-median,3.45,168106,579964,,
27,Chiba,JP,2113015,35.6,140.11667,979768,14.0,country-median,4.06,137168,556900,,
28,Niigata,JP,1855431,37.92259,139.04125,797591,14.0,country-median,4.95,111663,552731,,
29,Malmö,SE,2692969,55.60587,13.00073,362133,26.0,city,5.86,94155,551746,,
30,Groningen,NL,2755251,53.21917,6.56667,244807,41,national,5.29,100371,530962,,
31,Santiago,CL,3871336,-33.45694,-70.64827,4837295,4.0,city,2.74,193492,530168,,
32,Antwerp,BE,2803138,51.22047,4.40026,529247,21.4,country-median,4.63,113259,524389,,
33,New York City,US,5128581,40.71427,-74.00597,8804190,1.1,city,5.31,96846,514253,,
34,Melbourne,AU,2158177,-37.814,144.96332,5435590,2.0,city,4.6,108712,500074,,
35,Barranquilla,CO,3689147,10.96854,-74.78132,1206319,7.0,country-median,5.59,84442,472033,,
36,Sendai,JP,2111149,38.26667,140.86667,1096704,14.0,country-median,3.03,153539,465222,,
37,Busan,KR,1838524,35.10168,129.03004,3285147,3.0,country-median,4.7,98554,463206,,
38,Hannover,DE,2910831,52.37052,9.73322,515140,19.0,city,4.63,97877,453169,,
39,Dresden,DE,2935022,51.05089,13.73832,564904,18.0,city,4.39,101683,446387,,
40,Kaohsiung,TW,1673820,22.61626,120.31333,2737660,4.0,country-median,4.05,109506,443501,,
41,São Paulo,BR,3448439,-23.5475,-46.63611,12400232,1.0,city,3.5,124002,434008,,
42,Dublin,IE,2964574,53.33306,-6.24889,1024027,7.0,city,6.05,71682,433675,,
43,Århus,DK,2624652,56.15674,10.21076,285273,27.0,city,5.55,77024,427482,,
44,Brussels,BE,2800866,50.85045,4.34878,1019022,9.0,city,4.63,91712,424626,,
45,Tilburg,NL,2746301,51.55551,5.0913,221947,41,national,4.65,90998,423142,,
46,Gent,BE,2797656,51.05,3.71667,265086,33.8,city,4.69,89599,420220,,
47,Kagoshima,JP,1860827,31.56667,130.55,595049,14.0,country-median,4.93,83307,410703,,
48,Gothenburg,SE,2711537,57.70716,11.96679,608462,14.0,city,4.45,85185,379072,,
49,Okayama,JP,1854383,34.65,133.93333,724691,14.0,country-median,3.65,101457,370317,,
50,Shizuoka,JP,1851717,34.98333,138.38333,693389,14.0,country-median,3.79,97074,367912,,
51,Frankfurt am Main,DE,2925533,50.11552,8.68417,650000,15.0,city,3.74,97500,364650,,
52,Cali,CO,3687925,3.43054,-76.5199,2392877,7.0,country-median,2.17,167501,363478,,
53,Taichung,TW,1668399,24.1469,120.6839,2850285,4.0,country-median,3.12,114011,355716,,
54,Düsseldorf,DE,2934246,51.22319,6.77927,618685,13.0,city,4.4,80429,353888,,
55,Tainan,TW,1668355,22.99083,120.21333,1856642,4.0,country-median,4.76,74266,353505,,
56,Incheon,KR,1843564,37.45646,126.70515,3015482,3.0,country-median,3.9,90464,352811,,
57,Cartagena,CO,3687238,10.39817,-75.49328,914552,7.0,country-median,5.42,64019,346981,,
58,Nijmegen,NL,2750053,51.8425,5.85278,177359,41,national,4.63,72717,336681,,
59,Leipzig,DE,2879139,51.33962,12.37129,504971,15,national,4.26,75746,322676,,
60,Nuremberg,DE,2861650,49.45421,11.07752,515543,15.0,city,4.03,77331,311646,,
61,Fortaleza,BR,3399415,-3.71722,-38.54306,2400000,2.0,country-median,6.41,48000,307680,,
62,Leeuwarden,NL,2751792,53.20271,5.80973,124481,41,national,5.98,51037,305203,,
63,Helsinki,FI,658225,60.16952,24.93545,658864,9.34,city,4.86,61538,299074,,
64,Naha,JP,1856035,26.213,127.67851,317625,14.0,country-median,6.6,44468,293486,,
65,Enschede,NL,2756071,52.21833,6.89583,153655,41,national,4.62,62999,291053,,
66,Stockholm,SE,2673730,59.32938,18.06871,1515017,7.0,city,2.74,106051,290580,,
67,Kumamoto,JP,1858421,32.80589,130.69181,738907,14.0,country-median,2.7,103447,279307,,
68,Milan,IT,3173435,45.46427,9.18951,1371498,10.0,city,2.03,137150,278414,,
69,Leiden,NL,2751773,52.15833,4.49306,119713,41,national,5.62,49082,275843,,
70,Dortmund,DE,2935517,51.51494,7.466,588462,10.0,city,4.62,58846,271869,,
71,Chicago,US,4887398,41.85003,-87.65005,2664452,1.8,city,5.65,47960,270975,,
72,Kanazawa,JP,1860243,36.6,136.61667,466029,14.0,country-median,3.99,65244,260324,,
73,Apeldoorn,NL,2759706,52.21,5.96944,136670,41,national,4.6,56035,257760,,
74,Daegu,KR,1835329,35.87028,128.59111,2365523,3.0,country-median,3.62,70966,256896,,
75,Eindhoven,NL,2756253,51.44083,5.47778,235691,24.0,city,4.52,56566,255678,,
76,Matsuyama,JP,1926099,33.83916,132.76574,511192,14.0,country-median,3.53,71567,252631,,
77,Zwolle,NL,2743477,52.5125,6.09444,129840,41,national,4.74,53234,252331,,
78,Himeji,JP,1862627,34.81667,134.7,530495,14.0,country-median,3.32,74269,246574,,
79,Mexico City,MX,3530597,19.42847,-99.12766,12294193,1.0,city,1.97,122942,242196,,
80,Wuppertal,DE,2805753,51.25627,7.14816,360797,15,national,4.47,54120,241914,,
81,Fukuyama,JP,1863917,34.48333,133.36667,468812,14.0,country-median,3.68,65634,241532,,
82,Sydney,AU,2147714,-33.86785,151.20732,5638830,1.0,city,4.15,56388,234011,,
83,Maastricht,NL,2751283,50.84833,5.68889,122378,41,national,4.58,50175,229801,,
84,Bielefeld,DE,2949186,52.03333,8.53333,331906,15,national,4.58,49786,228019,,
85,Kashiwa,JP,1859924,35.86224,139.97732,433436,14.0,country-median,3.73,60681,226340,,
86,Ōita,JP,1854487,33.23333,131.6,477715,14.0,country-median,3.34,66880,223380,,
87,Warsaw,PL,756135,52.22977,21.01178,1702139,3.0,city,4.36,51064,222640,,
88,Okazaki,JP,1854376,34.95,137.16667,384654,14.0,country-median,4.07,53852,219176,,
89,Kochi,JP,1859146,33.55,133.53333,332059,14.0,country-median,4.64,46488,215706,,
90,Takamatsu,JP,1851100,34.33333,134.05,418994,14.0,country-median,3.65,58659,214106,,
91,Kiel,DE,2891122,54.32133,10.13489,252668,15,national,5.64,37900,213757,,
92,Münster,DE,2867543,51.96236,7.62571,308258,15,national,4.61,46239,213160,,
93,Poznań,PL,3088171,52.40692,16.92993,536151,8.4,city,4.48,45037,201764,,
P1,Shanghai,CN,1796236,31.22222,121.45806,24874500,20.0,city,4.81,4974900,23929269,,probe: OSM sparse or restricted; not in batch
P2,Beijing,CN,1816670,39.9075,116.39723,18960744,32.0,city,3.34,6067438,20265243,,probe: OSM sparse or restricted; not in batch
P3,Shenzhen,CN,1795565,22.54554,114.0683,17494398,20.0,country-median,4.49,3498880,15709969,,probe: OSM sparse or restricted; not in batch
P4,Guangzhou,CN,1809858,23.11667,113.25,16096724,19.0,city,3.46,3058378,10581986,,probe: OSM sparse or restricted; not in batch
P5,Tianjin,CN,1792947,39.14222,117.17667,11090314,20.0,country-median,3.56,2218063,7896304,,probe: OSM sparse or restricted; not in batch
P6,Wuhan,CN,1791247,30.58333,114.26667,10392693,20.0,country-median,3.44,2078539,7150173,,probe: OSM sparse or restricted; not in batch
P7,Nanjing,CN,1799962,32.06167,118.77778,9314685,20.0,country-median,3.76,1862937,7004643,,probe: OSM sparse or restricted; not in batch
P8,Chengdu,CN,1815286,30.66667,104.06667,13568357,20.0,country-median,2.57,2713671,6974135,,probe: OSM sparse or restricted; not in batch
P9,Dhaka,BD,1185241,23.7104,90.40744,10356500,39.0,city,3.08,4039035,12440228,,probe: OSM sparse or restricted; not in batch
P10,Chattogram,BD,1205733,22.3384,91.83168,3920222,39.0,country-median,3.21,1528887,4907726,,probe: OSM sparse or restricted; not in batch
P11,Delhi,IN,1273294,28.65195,77.23149,11034555,12.0,city,2.95,1324147,3906232,,probe: OSM sparse or restricted; not in batch
P12,Bengaluru,IN,1277333,12.97194,77.59369,8495492,9.0,country-median,4.11,764594,3142482,,probe: OSM sparse or restricted; not in batch
